Family,ScientificName,ScientificNameAuthorship,Notes,TaxonId
ARCIDAE,Acar plicata,"(Dillwyn, 1817)",,115526
HEMIDISCACEAE,Actinocyclus verrucosus,"Ehrenberg, 1831",,115614
HOLOTHURIIDAE,Actinopyga varians,"(Selenka, 1867)",,122843
AGLAOPHENIIDAE,Aglaophenia HAW01,,,178840
TROCHIDAE,Alcyna ocellata,"A. Adams, 1860",,123106
ALDISIDAE,Aldisa pikokai,"Bertsch & S. Johnson, 1982",,115766
ELLOBIIDAE,Allochroa bronnii,"(Philippi, 1846)",,123162
ELLOBIIDAE,Allochroa layardi,"(H. Adams & A. Adams, 1855)",,123163
ALPHEIDAE,Alpheus brevipes,"Stimpson, 1860",,74710
ALPHEIDAE,Alpheus clypeatus,"Coutière, 1905",,74712
ALPHEIDAE,Alpheus collumianus,"Stimpson, 1860",,74714
ALPHEIDAE,Alpheus deuteropus,"Hilgendorf, 1879",,74716
ALPHEIDAE,Alpheus diadema,"Dana, 1852",,74717
ALPHEIDAE,Alpheus gracilipes,"Stimpson, 1860",,75950
ALPHEIDAE,Alpheus gracilis,"C. Heller, 1862",,74720
ALPHEIDAE,Alpheus lobidens,"De Haan, 1850",,74727
ALPHEIDAE,Alpheus pacificus,"Dana, 1852",,74730
ALPHEIDAE,Alpheus paracrinitus,"Miers, 1881",,75916
ALPHEIDAE,Alpheus paracrinitus HAW01,,,178657
ALPHEIDAE,Alpheus paracrinitus HAW02,,,178658
ALPHEIDAE,Alpheus paralcyone,"Coutière, 1905",,74732
ALPHEIDAE,Alpheus rapacida,"De Man, 1908",,74738
ALPHEIDAE,Alpheus rapax,"J. C. Fabricius, 1798",,74739
HELICINIDAE,Amastra cylindrica,"(Newcomb, 1854)",,230007
HELICINIDAE,Amastra decorticata,"Gulick, 1873",,230008
HELICINIDAE,Amastra elliptica,"Gulick, 1873",,230009
AMASTRIDAE,Amastra rubens,"(Gould, 1845)",,179801
AMASTRIDAE,Amastra textilis,"(Férussac, 1825)",,178985
AMPHINOMIDAE,Amphinome rostrata,"(Pallas, 1766)",,85010
AMPHIURIDAE,Amphipholis HAW01,,,178842
AMPHIURIDAE,Amphipholis squamata,"(Delle Chiaje, 1828)",,26268
COLUMBELLIDAE,Anachis miser,"(G. B. Sowerby I, 1844)",,119006
PAGURIDAE,Anapagrides reesei,"(McLaughlin, 1986)",,74922
ECHIURIDAE,Anelassorhynchus sp. 6 of Goto 2016,,,178843
PLANAXIDAE,Angiola zonata,"(A. Adams, 1853)",,119029
HIPPONICIDAE,Antisabia foliaceus,,,5475
HIPPONICIDAE,Antisabia imbricata,"(Gould, 1846)",,124019
RISSOINIDAE,Apataxia cerithiiformis,"(Tryon, 1887)",,119049
APLUSTRIDAE,Aplustrum amplustre,"(Linnaeus, 1758)",,119051
APLYSIIDAE,Aplysia argus,"Rüppell & Leuckart, 1830",,116095
APLYSIIDAE,Aplysia elongata,"(Pease, 1860)",,178618
DARWINELLIDAE,Aplysilla JV02,,,178943
DARWINELLIDAE,Aplysilla rosea,,,102000
DARWINELLIDAE,Aplysilla sulfurea,"Schulze, 1878",,124064
METAPSEUDIDAE,Apseudes HAW01,,,178944
ASTERINIDAE,Aquilonastra anomala,"(H.L. Clark, 1921)",,116282
OENONIDAE,Arabella iricolor,"(Montagu, 1804)",,85961
ARCIDAE,Arca ventricosa,"Lamarck, 1819",,116142
CHROMODORIDIDAE,Ardeadoris angustolutea,"(Rudman, 1990)",,116164
OPHELIIDAE,Armandia HAW01,,,178844
ASCIDIIDAE,Ascidia sp.,"Linnaeus, 1767",,99789
ASCIDIIDAE,Ascidia HAW01,,,178845
ASCIDIIDAE,Ascidia nigra,"(Savigny, 1816)",,100276
ASCIDIIDAE,Ascidia sydneiensis,"Stimpson, 1855",,124323
MURICIDAE,Aspella producta,"(Pease, 1861)",,119065
ASPIDOSIPHONIDAE,Aspidosiphon HAW01,,,178846
ASTEROPSEIDAE,Asteropsis carinifera,"(Lamarck, 1816)",,25821
BRANCHIOSTOMATIDAE,Asymmetron lucayanum,"Andrews, 1893",,124558
BRANCHIOSTOMATIDAE,Asymmetron lucayanum clade B of Kon et al 2006,,,178659
ARCHIDORIDIDAE,Atagema HAW01,,,178847
COSTELLARIIDAE,Atlantilux rubra,"(Broderip, 1836)",,122422
HAMINOEIDAE,Atys semistriata,,,14643
ULMARIDAE,Aurelia sp. 4 of Dawson et al 2005,,,178848
HELICINIDAE,Auriculella malleata,"Ancey, 1904",,230151
AXIIDAE,Axiopsis serratifrons,"(A. Milne-Edwards, 1873)",,70729
AEOLIDIIDAE,Baeolidia salaamica,"(Rudman, 1982)",,116503
BALANIDAE,Balanus trigonus,"Darwin, 1854",,75435
XANTHIDAE,Banareia HAW01,,,178849
ARCIDAE,Barbatia foliata,"(Forsskål in Niebuhr, 1775)",,116530
ARCIDAE,Barbatia parva,"(G. B. Sowerby I, 1833)",,116537
BARENTSIIDAE,Barentsia HAW01,,,178850
BARLEEIIDAE,Barleeia calcarea,"Kay, 1979",,124818
VALENCINIIDAE,Baseodiscus delineatus,"(Delle Chiaje, 1825)",,124849
VALENCINIIDAE,Baseodiscus hemprichii,"(Ehrenberg, 1831)",,124851
PLEUROBRANCHIDAE,Berthella stellata,"(Risso, 1826)",,11366
PLEUROBRANCHIDAE,Berthellina delicata,"(Pease, 1861)",,116648
PLEUROBRANCHIDAE,Berthellina delicata HAW01,,,178660
PLEUROBRANCHIDAE,Berthellina delicata HAW02,,,178661
DESMACELLIDAE,Biemna fistulosa,"(Topsent, 1897)",,125025
ZEBINIDAE,Bittinella hiloensis,"(Pilsbry & Vanatta, 1908)",,143438
CERITHIIDAE,Bittium impendens,"(Hedley, 1899)",,125071
HOLOTHURIIDAE,Bohadschia GP01,,,178851
HOLOTHURIIDAE,Bohadschia paradoxa,"(Selenka, 1867)",,125118
CALYPTRAEIDAE,Bostrycapulus aculeatus,"(Gmelin, 1791)",,114688
STYELIDAE,Botrylloides HAW01,,,178852
STYELIDAE,Botryllus HAW01,,,178853
TRIPHORIDAE,Bouchetriphora pallida,"(Pease, 1871)",,119185
MYTILIDAE,Brachidontes crebristriatus,"(Conrad, 1837)",,119186
MYTILIDAE,Brachidontes crebristriatus HAW01,,,178662
MYTILIDAE,Brachidontes crebristriatus HAW02,,,178663
PALAEMONIDAE,Brachycarpus biunguiculatus,"(Lucas, 1846)",,79972
PECTINIDAE,Bractechlamys nodulifera,"(G. B. Sowerby II, 1842)",,119191
BRADYBAENIDAE,Bradybaena similaris,"(Ferussac, 1821)",,7849
SABELLIDAE,Branchiomma B of Capa et al 2013,,,178854
SYLLIDAE,Branchiosyllis cirropunctata,"(Michel, 1909)",,153652
OPHIOCOMIDAE,Breviturma brevipes,"(Peters, 1851)",,149478
OPHIOCOMIDAE,Breviturma pica,"(Müller & Troschel, 1842)",,149486
BURSIDAE,Bursa affinis,"(Broderip, 1833)",,125398
BURSIDAE,Bursa cruentata,"(G. B. Sowerby II, 1835)",,116844
BURSIDAE,Bursa granularis,"Roding, 1798",,5879
BURSIDAE,Bursa rhodostoma,"(G. B. Sowerby I or II, 1835)",,5884
BURSIDAE,Bursa rosa,"(Perry, 1811)",,119224
BUCCINIDAE,Caducifer decapitatus,"(Reeve, 1844)",,116867
CAECIDAE,Caecum sepimentum,,,4670
CALAPPIDAE,Calappa hepatica,"(Linnaeus, 1758)",,75011
DIOGENIDAE,Calcinus argus,"Wooster, 1984",,74891
DIOGENIDAE,Calcinus guamensis,"Wooster, 1984",,74894
DIOGENIDAE,Calcinus haigae,"Wooster, 1984",,74895
DIOGENIDAE,Calcinus hazletti,"Haig and McLaughlin, 1984",,74896
DIOGENIDAE,Calcinus laevimanus,"(J. W. Randall, 1840)",,74897
DIOGENIDAE,Calcinus latens,"(J. W. Randall, 1840)",,74898
DIOGENIDAE,Calcinus laurentae,"Haig and McLaughlin, 1984",,74899
CALIGIDAE,Caligus HAW01,,,178970
CALIGIDAE,Caligus HAW02,,,178971
HORMATHIIDAE,Calliactis polypus,"(Forskål, 1775)",,35332
TROCHIDAE,Calliotrochus marmoreus,"(Pease, 1861)",,116906
ARCIDAE,Calloarca tenella,"(Reeve, 1844)",,124811
CALLYSPONGIIDAE,Callyspongia JV01,,,178945
FACELINIDAE,Caloria sp. #3 of Pittman & Fiene accessed 2020,,,178855
STROMBIDAE,Canarium hellii,"(Kiener, 1843)",,116974
STROMBIDAE,Canarium maculatum,"(G. B. Sowerby II, 1842)",,119301
STROMBIDAE,Canarium wilsonorum,"(Abbott, 1967)",,119304
CLAVULARIIDAE,Carijoa HAW01,,,178856
TURRIDAE,Carinapex minutissima,"(Garrett, 1873)",,14293
DISCODORIDIDAE,Carminodoris grandiflora,"(Pease, 1860)",,117072
CARPILIIDAE,Carpilius convexus,"(Forskål, 1775)",,75136
CARPILIIDAE,Carpilius maculatus,"(Linnaeus, 1758)",,75137
PORTUNIDAE,Carupa tenuipes,"Dana, 1851",,75083
NACELLIDAE,Cellana exarata,"(Reeve, 1854)",,119339
NEREIDIDAE,Ceratonereis tentaculata,"Kinberg, 1866",,85508
CERITHIIDAE,Cerithidium diplax,,,5163
CERITHIIDAE,Cerithium atromarginatum,"Dautzenberg & Bouge, 1933",,119364
CERITHIIDAE,Cerithium columna,"G. B. Sowerby I, 1834",,117208
CERITHIIDAE,Cerithium echinatum,"Lamarck, 1822",,117209
CERITHIIDAE,Cerithium egenum,"Gould, 1849",,127466
CERITHIIDAE,Cerithium interstriatum,,,5147
CERITHIIDAE,Cerithium nesioticum,"Pilsbry & Vanatta, 1906",,117210
CERITHIIDAE,Cerithium placidum,"Gould, 1861",,127561
CERITHIIDAE,Cerithium rostratum,"A. Adams in G. B. Sowerby II, 1855",,119365
CERITHIIDAE,Cerithium zebrum,"Kiener, 1841",,119369
CESTOPLANIDAE,Cestoplana HAW01,,,178857
CESTOPLANIDAE,Cestoplana HAW02,,,178858
CHAETOPTERIDAE,Chaetopterus JMM09,,,178859
CHAMIDAE,Chama asperella,"Lamarck, 1819",,117251
RANELLIDAE,Charonia tritonis,"(Linnaeus, 1758)",,5866
PORTUNIDAE,Charybdis hellerii,"(A. Milne-Edwards, 1867)",,70364
CALYPTRAEIDAE,Cheilea equestris,"(Linnaeus, 1758)",,5554
CALYPTRAEIDAE,Cheilea HAW01,,,178860
AGLAJIDAE,Chelidonura alisonae,"Gosliner, 2011",,117282
AGLAJIDAE,Chelidonura fulvipunctata,"Baba, 1938",,117291
AGLAJIDAE,Chelidonura fulvipunctata HAW01,,,178664
AGLAJIDAE,Chelidonura hirundinina,"(Quoy and Gaimard, 1833)",,14597
DARWINELLIDAE,Chelonaplysilla erecta,,,102003
DARWINELLIDAE,Chelonaplysilla JV01,,,178946
DARWINELLIDAE,Chelonaplysilla JV02,,,178947
MURICIDAE,Chicoreus insularum,"(Pilsbry, 1921)",,119401
CHIRIDOTIDAE,Chiridota rigida,"Semper, 1867",,128118
AMPHINOMIDAE,Chloeia flava,"(Pallas, 1766)",,84989
XANTHIDAE,Chlorodiella cytherea,"(Dana, 1852)",,75174
XANTHIDAE,Chlorodiella laevissima,"(Dana, 1852)",,75175
PICKWORTHIIDAE,Chrystella suta,"(Pilsbry, 1918)",,158163
CHTHAMALIDAE,Chthamalus proteus,"Dando and Southward, 1980",,75415
DIOGENIDAE,Ciliopagurus strigatus,"(J. F. W. Herbst, 1804)",,74903
CIROLANIDAE,Cirolana parva,"Hansen, 1890",,58201
CIROLANIDAE,Cirolana parva HAW01,,,178665
CHALINIDAE,Cladocroce burapha,"Putchakarn, de Weerdt, Sonchaeng & van Soest, 2004",,178595
TROCHIDAE,Clanculus stigmatarius,"A. Adams, 1853",,119452
DIOGENIDAE,Clibanarius zebra,"(Dana, 1851)",,74904
BUCCINIDAE,Clivipollia costata,"(Pease, 1860)",,129444
CLYPEASTERIDAE,Clypeaster reticulatus,"(Linnaeus, 1758)",,117629
CAMPANULARIIDAE,Clytia gracilis,"(M. Sars, 1850)",,29779
CAMPANULARIIDAE,Clytia HAW01,,,178861
LUCINIDAE,Codakia punctata,"(Linnaeus, 1758)",,119480
LUCINIDAE,Codakia tigerina,"(Linnaeus, 1758)",,117663
COLLONIIDAE,Collonista rubricincta,"(Mighels, 1845)",,119490
ECHINOMETRIDAE,Colobocentrotus atratus,"(Linnaeus, 1758)",,117690
BUCCINIDAE,Colubraria muricata,"([Lightfoot, 1786])",,119491
CONIDAE,Conus abbreviatus,"Reeve, 1843",,117775
CONIDAE,Conus bandanus,"Hwass in Bruguière, 1792",,117786
CONIDAE,Conus ebraeus,"Linnaeus, 1758",,117801
CONIDAE,Conus imperialis,"Linnaeus, 1758",,117822
CONIDAE,Conus leopardus,"(Röding, 1798)",,117830
CONIDAE,Conus litoglyphus,"Hwass in Bruguière, 1792",,117831
CONIDAE,Conus lividus,"Hwass in Bruguière, 1792",,117833
CONIDAE,Conus marmoreus,"Linnaeus, 1758",,117839
CONIDAE,Conus miles,"Linnaeus, 1758",,117841
CONIDAE,Conus moreleti,"Crosse, 1858",,119605
CONIDAE,Conus nanus,"G. B. Sowerby I, 1833",,119608
CONIDAE,Conus obscurus,"G. B. Sowerby I, 1833",,117851
CONIDAE,Conus pennaceus,"Born, 1778",,117807
CONIDAE,Conus planorbis,"Born, 1778",,117857
CONIDAE,Conus pulicarius,"Hwass in Bruguière, 1792",,117858
CONIDAE,Conus quercinus,"[Lightfoot], 1786",,117861
CONIDAE,Conus rattus,"Hwass in Bruguière, 1792",,117862
CONIDAE,Conus spiceri,"Bartsch & Rehder, 1943",,119625
CONIDAE,Conus sponsalis,,,14436
CONIDAE,Conus vexillum,"Gmelin, 1789",,11906
CONVOLUTIDAE,Convolutriloba longifissura,"Bartolomaeus & Balzer, 1997",,130621
ENDODONTIDAE,Cookeconcha cookei,"(Cockerell, 1933)",,230797
ENDODONTIDAE,Cookeconcha hystricella,"(L. Pfeiffer, 1859)",,230798
ENDODONTIDAE,Cookeconcha hystrix,"(L. Pfeiffer, 1846)",,153942
CALLIANASSIDAE,Corallianassa HAW01,,,178862
CALLIANASSIDAE,Corallianassa HAW02,,,178863
CORALLIOPHILIDAE,Coralliophila fimbriata,"(A. Adams, 1854)",,119654
CORALLIOPHILIDAE,Coralliophila monodonta,"(Blainville, 1832)",,119656
CORALLIOPHILIDAE,Coralliophila violacea,"(Kiener, 1836)",,117888
CORELLIDAE,Corella minuta,"Traustedt, 1882",,100247
FACELINIDAE,Cratena sp. #1 of Pittman & Fiene accessed 2020,,,178864
CALYPTRAEIDAE,Crepidula aculeata,"(Gmelin, 1791)",,5508
CYPRAEIDAE,Cribrarula gaskoini,"(Reeve, 1846)",,118047
CALYPTRAEIDAE,Crucibulum spinosum,"(G. B. Sowerby I, 1824)",,5546
LUCINIDAE,Ctena bella,"(Conrad, 1837)",,20226
OREASTERIDAE,Culcita novaeguineae,"Müller & Troschel, 1842",,118128
VERMETIDAE,Cupolaconcha meroclista,"(Hadfield & Kay in Hadfield et al., 1972)",,131462
PORTUNIDAE,Cycloachelous suborbicularis,"(Stephenson, 1975)",,178596
XANTHIDAE,Cyclodius nitidus,Dana 1852,,131619
XANTHIDAE,Cyclodius obscurus,"(Hombron & Jacquinot, 1846)",,131620
XANTHIDAE,Cyclodius paumotensis,"(Rathbun, 1907)",,154076
VARUNIDAE,Cyclograpsus henshawi,"M. J. Rathbun, 1902",,75308
CALIPHYLLIDAE,Cyerce elegans,"Bergh, 1870",,118191
RANELLIDAE,Cymatium aquatile,"(Reeve, 1844)",,5850
RANELLIDAE,Cymatium intermedius,"(Pease, 1869) [sic]",,132000
RANELLIDAE,Cymatium mundum,"(Gould, 1849)",,2904
RANELLIDAE,Cymatium muricinum,"(Roding, 1798)",,5834
RANELLIDAE,Cymatium nicobaricum,"(Roding, 1798)",,5840
RANELLIDAE,Cymatium pileare,"(Linnaeus, 1758)",,5819
CYPRAEIDAE,Cypraea alisonae,"Burgess, 1983",,118268
CYPRAEIDAE,Cypraea pellucens,"Melvill, 1888",,178226
CYPRAEIDAE,Cypraea tigris,"Linnaeus, 1758",,118489
CYPRAEIDAE,Cypraea tigris schilderiana,"C. N. Cate, 1961",,179642
MURICIDAE,Cytharomorula lefevreiana,"(Tapparone Canefri, 1880)",,119746
DIOGENIDAE,Dardanus deformis,"(H. Milne Edwards, 1836)",,74906
DIOGENIDAE,Dardanus gemmatus,"(H. Milne Edwards, 1848)",,74907
DIOGENIDAE,Dardanus sanguinocarpus,"Degener, 1925",,74912
DENDRODORIDIDAE,Dendrodoris fumata,"(Rüppell & Leuckart, 1830)",,118607
DENDRODORIDIDAE,Dendrodoris nigra,"(Stimpson, 1855)",,118611
DENDRODORIDIDAE,Dendrodoris tuberculosa,"(Quoy & Gaimard, 1832)",,118615
VERMETIDAE,Dendropoma gregarium,"Hadfield & Kay in Hadfield et al., 1972",,132771
VERMETIDAE,Dendropoma gregarium HAW01,,,178666
VERMETIDAE,Dendropoma HAW01,,,178865
VERMETIDAE,Dendropoma platypus,"(Mörch, 1861)",,132776
DIDEMNIDAE,Didemnum perlucidum,"Monniot F., 1983",,118732
FISSURELLIDAE,Diodora octagona,"(Reeve, 1850)",,131787
FISSURELLIDAE,Diodora ruppellii,"(G. B. Sowerby I, 1835)",,118744
DIPHYIDAE,Diphyes HAW01,,,178866
LICHENOPORIDAE,Disporella HAW01,,,178867
LICHENOPORIDAE,Disporella HAW02,,,178868
LICHENOPORIDAE,Disporella HAW03,,,178869
LICHENOPORIDAE,Disporella HAW04,,,178870
LICHENOPORIDAE,Disporella HAW05,,,178871
APLYSIIDAE,Dolabella auricularia,"(Lightfoot, 1786)",,118838
NOTARCHIDAE,Dolabrifera dolabrifera,"(Rang, 1828)",,14825
MITRIDAE,Domiporta carnicolor,"(Reeve, 1844)",,119784
DORIDIDAE,Doriopsis pecten,"(Collingwood, 1881)",,118879
DORVILLEIDAE,Dorvillea moniloceras,"(Moore, 1909)",,85987
DORVILLEIDAE,Dorvillea moniloceras HAW01,,,178667
DORVILLEIDAE,Dorvillea moniloceras HAW02,,,178668
MURICIDAE,Drupa albolabris,"(Blainville, 1832)",,134068
MURICIDAE,Drupa aperta,"(Blainville, 1832)",,119808
MURICIDAE,Drupa morum,"Röding, 1798",,119811
MURICIDAE,Drupa ricinus,"(Linnaeus, 1758)",,119812
MURICIDAE,Drupa rubusidaeus,"Röding, 1798",,119813
MURICIDAE,Drupella cornus,"(Röding, 1798)",,119815
DYSIDEIDAE,Dysidea arenaria,"Bergquist, 1965",,136400
DYSIDEIDAE,Dysidea JV03,,,178948
DYSIDEIDAE,Dysidea JV06,,,178949
DYSIDEIDAE,Dysidea pallescens,"Schmidt, 1862",,101777
RASPAILIIDAE,Echinodictyum JV01,,,178950
EUMEDONIDAE,Echinoecus pentagonus,"(A. Milne-Edwards, 1879)",,75138
LITTORINIDAE,Echinolittorina hawaiiensis,"(Rosewater & Kadolsky, 1981)",,119834
ECHINOMETRIDAE,Echinometra mathaei,,,26966
ECHINOMETRIDAE,Echinometra oblonga,"(Blainville, 1825)",,136588
ECHINOMETRIDAE,Echinostrephus aciculatus,"A. Agassiz, 1863",,136635
DIADEMATIDAE,Echinothrix calamaris,"(Pallas, 1774)",,136637
DIADEMATIDAE,Echinothrix diadema,"(Linnaeus, 1758)",,27054
PEROPHORIDAE,Ecteinascidia HAW01,,,178872
ELYSIIDAE,Elysia degeneri,"Ostergaard, 1955",,137182
ELYSIIDAE,Elysia HAW01,,,178873
ELYSIIDAE,Elysia sp. #6 of Pittman & Fiene accessed 2020,,,178874
ELYSIIDAE,Elysia tomentosa,"K. Jensen, 1997",,137199
ELYSIIDAE,Elysia tomentosa sp. 5 of Krug et al. 2013,,,178669
ENDODONTIDAE,Endodonta fricki,"(L. Pfeiffer, 1858)",,154273
ENDODONTIDAE,Endodonta marsupialis,"Pilsbry & Vanatta, 1905",,164477
BUCCINIDAE,Engina albocincta,"Pease, 1860",,132628
EPITONIIDAE,Epifungium ulu,"(Pilsbry, 1921)",,132763
EPITONIIDAE,Epitonium sandwichense,"(Nyst, 1871)",,119880
TRIVIIDAE,Eratoena sandwichensis,"(G. B. Sowerby II, 1859)",,154307
CYPRAEIDAE,Erosaria helvola,"(Linnaeus, 1758)",,118381
SEMELIDAE,Ervilia sandwichensis,,,20596
XANTHIDAE,Etisus bifrontalis,"(Edmondson, 1935)",,75178
XANTHIDAE,Etisus electra,"(J. F. W. Herbst, 1801)",,75181
XANTHIDAE,Etisus laevimanus,"J. W. Randall, 1840",,75182
VERMETIDAE,Eualetes tulipa,"(Rousseau in Chenu, 1843)",,133006
SYNAPTIDAE,Euapta tahitiensis,"Cherbonnier, 1955",,138060
TROCHIDAE,Euchelus corrugatus,,,12216
CIDARIDAE,Eucidaris metularia,"(Lamarck, 1816)",,138159
GONEPLACIDAE,Eucrate laevis,"(Borradaile, 1903)",,157539
EUDENDRIIDAE,Eudendrium capillare,"Alder, 1856",,34190
CLAVELINIDAE,Eudistoma HAW01,,,178875
SPIRAXIDAE,Euglandina rosea,"(Ferussac, 1818)",,7227
EUNICIDAE,Eunice afra,"Peters, 1854",,85827
EUNICIDAE,Eunice antennata,"(Savigny, 1820)",,85815
EUNICIDAE,Eunice antennata HAW01,,,178670
EUNICIDAE,Eunice antennata HAW02,,,178671
COLUMBELLIDAE,Euplica ionida,"(Duclos, 1840)",,133299
COLUMBELLIDAE,Euplica livescens,"(Reeve, 1859)",,119923
COLUMBELLIDAE,Euplica turturina,"(Lamarck, 1822)",,119925
COLUMBELLIDAE,Euplica varians,"(G. B. Sowerby I, 1832)",,119926
TEREBELLIDAE,Eupolymnia HAW01,,,178876
TEREBELLIDAE,Eupolymnia HAW02,,,178877
STROMBIDAE,Euprotomus vomer,"(Röding, 1798)",,119932
SEPIOLIDAE,Euprymna scolopes,"Berry, 1913",,23026
CHTHAMALIDAE,Euraphia hembeli,"Conrad, 1837",,74535
AMPHINOMIDAE,Eurythoe HAW01,,,178878
AMPHINOMIDAE,Eurythoe HAW02,,,178879
TRIPHORIDAE,Euthymella concors,"(Hinds, 1843)",,119943
XANTHIDAE,Euxanthus HAW01,,,178880
PALICIDAE,Exopalicus maculatus,"(Edmondson, 1930)",,75277
DENTALIIDAE,Fissidentalium complexum,"(Dall, 1895)",,132799
PLANAXIDAE,Fossarus garrettii,"Pease, 1868",,139469
CARDIIDAE,Fragum mundum,"(Reeve, 1845)",,20558
FRENULINIDAE,Frenulina sanguinolenta,"(Gmelin, 1790)",,139499
FASCIOLARIIDAE,Fusinus undatus,"(Gmelin, 1791)",,11911
XANTHIDAE,Gaillardiellus superciliaris,"(Odhner, 1925)",,139895
GALATHEIDAE,Galathea spinosorostris,"Dana, 1852",,74865
RANELLIDAE,Gelagna succincta,"(Linnaeus, 1771)",,120080
NIPHATIDAE,Gelliodes wilsoni,"Carballo, Aquilar-Camacho, Knapp & Bell, 2013",,178599
TURRIDAE,Gemmula monilifera,,,14285
TURRIDAE,Gemmula pseudomonilifera,"Powell, 1967",,134062
VENERIDAE,Globivenus toreuma,"(Gould, 1850)",,122351
CHROMODORIDIDAE,Glossodoris rufomarginata,"(Bergh, 1890)",,145747
GNATHOPHYLLIDAE,Gnathophyllum fasciolatum,"Stimpson, 1860",,178227
CHROMODORIDIDAE,Goniobranchus sp. #1 of Pittman & Fiene accessed 2020,,,178881
CHROMODORIDIDAE,Goniobranchus vibratus,"(Pease, 1860)",,117512
PORTUNIDAE,Gonioinfradens paucidentatus,"(A. Milne-Edwards, 1861)",,145874
GONODACTYLIDAE,Gonodactylaceus falcatus,"(Forskål, 1775)",,52260
COLUMBELLIDAE,Graphicomassa margarita,"(Reeve, 1859)",,120138
GRAPSIDAE,Grapsus tenuicrustatus,"(J. F. W. Herbst, 1783)",,75287
GYMNODORIDIDAE,Gymnodoris alba,"(Bergh, 1877)",,145989
GYMNODORIDIDAE,Gymnodoris HAW01,,,178882
GYMNODORIDIDAE,Gymnodoris sp. 8 of Pittman & Fiene accessed 2020,,,178883
RANELLIDAE,Gyrineum lacunatum,"(Mighels, 1845)",,154564
RANELLIDAE,Gyrineum pusillum,"(Broderip, 1833)",,150670
EPITONIIDAE,Gyroscala lamellosa,"(Lamarck, 1822)",,120152
LEPETIDAE,Halgerda terramtuentis,"Bertsch and Johnson, 1982",,19463
HALICHONDRIIDAE,Halichondria JV04,,,178951
HALICHONDRIIDAE,Halichondria JV05,,,178952
CHALINIDAE,Haliclona caerulea,"(Hechtel, 1965)",,146077
CHALINIDAE,Haliclona JV01,,,178953
CHALINIDAE,Haliclona JV21,,,178884
ACTINOCYCLIDAE,Hallaxa fuscescens,"(Pease, 1871)",,146146
HAMINOEIDAE,Haminoea natalensis,"(Krauss, 1848)",,148362
SYLLIDAE,Haplosyllis HAW01,,,178885
,Harpacticoida HAW01,,,178972
,Harpacticoida HAW02,,,178973
TEREBRIDAE,Hastula albula,"(Menke, 1843)",,120194
TEREBRIDAE,Hastula inconstans,"(Hinds, 1844)",,120196
TEREBRIDAE,Hastula lanceata,"(Linnaeus, 1767)",,120197
TEREBRIDAE,Hastula matheroniana,"(Deshayes, 1859)",,120198
TEREBRIDAE,Hastula penicillata,"(Hinds, 1844)",,120199
TEREBRIDAE,Hastulopsis pertusa,"(Born, 1778)",,120204
ZONITIDAE,Hawaiia minuscula,"(A. Binney, 1841)",,7377
ARCHITECTONICIDAE,Heliacus mighelsi,"(Philippi, 1853)",,146254
ARCHITECTONICIDAE,Heliacus variegatus,"(Gmelin, 1791)",,120228
PYURIDAE,Herdmania HAW01,,,178886
PYURIDAE,Herdmania momus,"(Savigny, 1816)",,100539
ECHINOMETRIDAE,Heterocentrotus mamillatus,"(Linnaeus, 1758)",,146426
LEPETIDAE,Hexabranchus sanguineus,"(Rüppell & Leuckart, 1830)",,132114
HIPPONICIDAE,Hipponix pilosus,,,5471
DYNOMENIDAE,Hirsutodynomene spinosa,"(Rathbun, 1911)",,146562
HOLOTHURIIDAE,Holothuria arenicola,"Semper, 1868",,26581
HOLOTHURIIDAE,Holothuria atra,Jaeger,,26762
HOLOTHURIIDAE,Holothuria cinerascens,"(Brandt, 1835)",,146620
HOLOTHURIIDAE,Holothuria difficilis,"Semper, 1868",,146617
HOLOTHURIIDAE,Holothuria edulis,"Lesson, 1830",,146637
HOLOTHURIIDAE,Holothuria flavomaculata,"Semper, 1868",,146621
HOLOTHURIIDAE,Holothuria fuscorubra,"Théel, 1886",,146643
HOLOTHURIIDAE,Holothuria hilla,"Lesson, 1830",,146615
HOLOTHURIIDAE,Holothuria impatiens,"(Forskaal, 1775)",,26590
HOLOTHURIIDAE,Holothuria impatiens ESU1 of Michonneau 2015,,,178672
HOLOTHURIIDAE,Holothuria impatiens Hawaii of Michonneau 2015,,,178673
HOLOTHURIIDAE,Holothuria lineata,"Ludwig, 1875",,146656
HOLOTHURIIDAE,Holothuria pardalis,"Selenka, 1867",,146613
HOLOTHURIIDAE,Holothuria pervicax,"Selenka, 1867",,146665
HOLOTHURIIDAE,Holothuria verrucosa,"Selenka, 1867",,146680
MURICIDAE,Homalocantha pele,"(Pilsbry, 1918)",,134841
SERPULIDAE,Hydroides elegans,"(Haswell, 1883)",,87318
HALICHONDRIIDAE,Hymeniacidon JV03,,,178954
CHROMODORIDIDAE,Hypselodoris imperialis,"(Pease, 1860)",,146877
CHROMODORIDIDAE,Hypselodoris infucata,"(Rüppell & Leuckart, 1830)",,146878
MITRIDAE,Imbricaria interlirata,"(Reeve, 1844)",,155735
MODULIDAE,Indomodulus tectum,"(Gmelin, 1791)",,120320
TRIPHORIDAE,Iniforis aemulans,"(Hinds, 1843)",,120328
TRIPHORIDAE,Iniforis hinuhinu,"Kay, 1979",,120330
TRIPHORIDAE,Iniforis ordinata,"Laseron, 1958",,120331
IOTROCHOTIDAE,Iotrochota JV02,,,178955
IOTROCHOTIDAE,Iotrochota protea,"(de Laubenfels, 1950)",,147009
POLYNOIDAE,Iphione henshawi,"Pettibone, 1986",,178601
ARACHNACTIDAE,Isarachnanthus HAW01,,,178887
ISOGNOMONIDAE,Isognomon californicum,"(Conrad, 1837)",,135202
ISOGNOMONIDAE,Isognomon incisum,"(Conrad, 1837)",,120337
ISOGNOMONIDAE,Isognomon legumen,"(Gmelin, 1791)",,135203
ISOGNOMONIDAE,Isognomon perna,"(Linnaeus, 1767)",,120339
CERITHIIDAE,Ittibittium parcum,"(Gould, 1861)",,120344
JULIIDAE,Julia zebra,"Kawaguchi, 1981",,147147
XANTHIDAE,Juxtaxanthias intonsus,"(J. W. Randall, 1840)",,75187
EUCONULIDAE,Kaala subrutila,"(Mighels, 1845)",,187512
LASAEIDAE,Kellia hawaiensis,"Dall, Bartsch & Rehder, 1938",,147188
PALAEMONIDAE,Kemponia HAW01,,,178888
TURRIDAE,Kermia aniani,"Kay, 1979",,147231
TURRIDAE,Kermia daedalea,,,14281
TURRIDAE,Kermia pumila,"(Mighels, 1845)",,135313
ECHINONEIDAE,Koehleraster abnormalis,"(de Loriol, 1883)",,136591
ELLOBIIDAE,Laemodonta octanfracta,"(Jonas, 1845)",,114954
LAMELLARIIDAE,Lamellaria HAW01,,,178889
LAMELLARIIDAE,Lamellaria sp. #1 of Pittman & Fiene accessed 2020,,,178890
DYSIDEIDAE,Lamellodysidea chlorea,"(de Laubenfels, 1954)",,136403
HELICINIDAE,Laminella sanguinea,"(Newcomb, 1854)",,231744
LAODICEIDAE,Laodicea HAW01,,,178891
LAODICEIDAE,Laodicea HAW02,,,178892
LASAEIDAE,Lasaea hawaiensis,"Dall, Bartsch & Rehder, 1938",,147474
MYTILIDAE,Leiosolenus HAW01,,,178893
MYTILIDAE,Leiosolenus HAW02,,,178894
HESIONIDAE,Leocrates chinensis,"Kinberg, 1866",,85223
POLYNOIDAE,Lepidonotus havaicus,"Kinberg, 1855",,84606
XANTHIDAE,Leptodius HAW01,,,178895
TURBINIDAE,Leptothyra candida,,,19654
TURBINIDAE,Leptothyra rubricincta,,,19655
TURBINIDAE,Leptothyra verruca,,,19657
LEUCETTIDAE,Leucetta JV02,,,178956
LEUCOTHOIDAE,Leucothoe hyhelia,"J. L. Barnard, 1965",,59326
LEUCOTHOIDAE,Leucothoe hyhelia HAW01,,,178674
LEUCOTHOIDAE,Leucothoe hyhelia HAW02,,,178675
LICHOMOLGIDAE,Lichomolgidae HAW01,,,178974
TURRIDAE,Lienardia mighelsi,,,14274
HAMINOEIDAE,Liloa curta,"A. Adams,1850",,134526
AEOLIDIIDAE,Limenandra confusa,"Carmona, Pola, Gosliner & Cervera, 2014",,148470
AEOLIDIIDAE,Limenandra rosanae,"Carmona, Pola, Gosliner & Cervera, 2014",,154981
OPHIDIASTERIDAE,Linckia multifora,"(Lamarck, 1816)",,149382
LINGULIDAE,Lingula reevei,"Davidson, 1880",,155020
XANTHIDAE,Liocarpilodes biunguis,"(M. J. Rathbun, 1906)",,75195
XANTHIDAE,Liocarpilodes integerrimus,"(Dana, 1852)",,75196
VENERIDAE,Lioconcha hieroglyphica,"(Conrad, 1837)",,120483
XANTHIDAE,Liomera bella,"(Dana, 1852)",,75197
XANTHIDAE,Liomera rubra,"(A. Milne-Edwards, 1865)",,75200
XANTHIDAE,Liomera rugata,"(H. Milne Edwards, 1834)",,75201
PORTUNIDAE,Lissocarcinus orbicularis,"Dana, 1852",,75097
COELOSPHAERIDAE,Lissodendoryx schmidti,"(Ridley, 1884)",,155076
DIADEMATIDAE,Lissodiadema lorioli,"Mortensen, 1903",,155078
TRIPHORIDAE,Litharium oceanida,"(Dall, 1924)",,120497
LITTORINIDAE,Littoraria intermedia,"(Philippi, 1846)",,136026
LITTORINIDAE,Littoraria pintado,"(Wood, 1828)",,120501
LITTORINIDAE,Littoraria scabra,"(Linnaeus, 1758)",,120502
LITTORINIDAE,Littoraria undulata,"(Gray, 1839)",,136044
TEREBELLIDAE,Loimia HAW01,,,178896
SKENEIDAE,Lophocochlias minutissimus,"(Pilsbry, 1921)",,136082
XANTHIDAE,Lophozozymus dodone,"(J. F. W. Herbst, 1801)",,75205
XANTHIDAE,Lophozozymus pulchellus,"A. Milne-Edwards, 1867",,75208
MITROMORPHIDAE,Lovellona atramentosa,"(Reeve, 1849)",,136104
MITROMORPHIDAE,Lovellona peaseana,"Finlay, 1927",,137776
CHITONIDAE,Lucilina pacifica,"(Kaas & Van Belle, 1998)",,136132
LUMBRINERIDAE,Lumbrineriopsis HAW01,,,178897
PORTUNIDAE,Lupocyclus quinquedentatus,"M. J. Rathbun, 1906",,75099
CYPRAEIDAE,Luria isabella,"(Linnaeus, 1758)",,118397
CYPRAEIDAE,Luria tessellata,"(Swainson, 1822)",,118486
XANTHIDAE,Lybia edmondsoni,"Takeda and Miyake, 1970",,75210
CYPRAEIDAE,Lyncina leviathan,"Schilder & Schilder, 1937",,118287
CYPRAEIDAE,Lyncina schilderorum,"Iredale, 1939",,120564
CYPRAEIDAE,Lyncina sulcidentata,"(Gray, 1824)",,118480
CYPRAEIDAE,Lyncina vitellus,"(Linnaeus, 1758)",,118498
EUNICIDAE,Lysidice ninetta,"Audouin and Milne-Edwards, 1833",,85858
EUNICIDAE,Lysidice unicornis,"(Grube, 1840)",,155218
MANGELIIDAE,Macteola segesta,"(Duclos, 1850)",,136305
MURICIDAE,Maculotriton serriale,"(Deshayes, 1834)",,120609
SPIONIDAE,Malacoceros indicus,,,86328
TRITONIIDAE,Marianina rosea,"(Pruvot-Fol, 1930)",,148511
TRITONIIDAE,Marionia hawaiiensis,"(Pease, 1860)",,148513
TRIPHORIDAE,Mastonia cingulifera,"(Pease, 1861)",,120661
CYPRAEIDAE,Mauritia maculifera,"Schilder, 1932",,118415
CYPRAEIDAE,Mauritia mauritiana,"(Linnaeus, 1758)",,118425
XANTHIDAE,Medaeus ornatus,"Dana, 1852",,75215
ELLOBIIDAE,Melampus castaneus,"Megerle von Mühlfeld, 1818",,115009
ELLOBIIDAE,Melampus HAW01,,,178898
ELLOBIIDAE,Melampus semiplicatus,"Pease, 1860",,155494
EULIMIDAE,Melanella acicula,"(Gould, 1849)",,137040
EULIMIDAE,Melanella aciculata,"(Pease, 1861)",,120686
EULIMIDAE,Melanella cumingii,"(A. Adams, 1851)",,120688
EULIMIDAE,Melanella HAW01,,,178899
TETHYDIDAE,Melibe pilosa,"Pease, 1860",,155528
EPIALTIDAE,Menaethius inornatus,"Dana, 1852",,155540
RISSOIDAE,Merelina hewa,,,4229
ALPHEIDAE,Metalpheus paragracilis,"(Coutière, 1897)",,74746
ALPHEIDAE,Metalpheus rostratipes,"(Pocock, 1890)",,76022
GRAPSIDAE,Metopograpsus oceanicus,"(Hombron & Jacquinot, 1846)",,155586
GRAPSIDAE,Metopograpsus thukuhar,"(Owen, 1839)",,75289
CHROMODORIDIDAE,Miamira sinuata,"(van Hasselt, 1824)",,148557
MITRIDAE,Mitra auriculoides,,,120758
MITRIDAE,Mitra cucumerina,"Lamarck, 1811",,120775
MITRIDAE,Mitra incompta,"(Lightfoot, 1786)",,120789
MITRIDAE,Mitra mitra,"(Linnaeus, 1758)",,148566
MITRIDAE,Mitra papalis,"(Linnaeus, 1758)",,120801
MITRIDAE,Mitra pudica,"Pease, 1860",,120809
MITRIDAE,Mitra stictica,"(Link, 1807)",,120818
MITRIDAE,Mitra tabanula,"Lamarck, 1811",,120819
MITRIDAE,Mitra tuberosa,"Reeve, 1845",,120823
MITRIDAE,Mitra typha,"Reeve, 1845",,120825
COLUMBELLIDAE,Mitrella fusiformis,"D'Orbigny, 1842",,12983
COLUMBELLIDAE,Mitrella loyaltyensis,"(Hervier, 1899)",,137719
COLUMBELLIDAE,Mitrella rorida,,,12984
CRAMBEIDAE,Monanchora clathrata,,,103637
CYPRAEIDAE,Monetaria caputserpentis,"(Linnaeus, 1758)",,118298
CYPRAEIDAE,Monetaria moneta,"(Linnaeus, 1758)",,118429
RANELLIDAE,Monoplex aquatilis,"(Reeve, 1844)",,120860
RANELLIDAE,Monoplex gemmatus,"(Reeve, 1844)",,120864
RANELLIDAE,Monoplex intermedius,"(Pease, 1869)",,120865
RANELLIDAE,Monoplex nicobaricus,"(Röding, 1798)",,120867
ECHINOCYAMIDAE,Mortonia australis,"(Desmoulins, 1837)",,149433
MURICIDAE,Morula porphyrostoma,"(Reeve, 1846)",,120886
MURICIDAE,Morula uva,"(Röding, 1798)",,120889
MURICIDAE,Murichorda fiscellum,"(Gmelin, 1791)",,161221
MURICIDAE,Muricodrupa fiscellum,"(Gmelin, 1791)",,155852
MYCALIDAE,Mycale cecilia,,,103717
MYCALIDAE,Mycale grandis,"Gray, 1867",,155951
MYCALIDAE,Mycale JV04,,,178957
MYCALIDAE,Mycale JV12,,,178958
MYCALIDAE,Mycale JV13,,,178959
MYCALIDAE,Mycale parishii,"(Bowerbank, 1875)",,155953
TEREBRIDAE,Myurella affinis,"(Gray, 1834)",,120940
TEREBRIDAE,Myurella columellaris,"(Hinds, 1844)",,120941
TEREBRIDAE,Myurella flavofasciata,"(Pilsbry, 1921)",,138356
TEREBRIDAE,Myurella kilburni,"(R. D. Burch, 1965)",,120942
TEREBRIDAE,Myurella nebulosa,"(G. B. Sowerby I, 1825)",,120943
TEREBRIDAE,Myurella undulata,"(Gray, 1834)",,138358
ORBINIIDAE,Naineris laevigata,"(Grube, 1855)",,86060
ORBINIIDAE,Naineris laevigata HAW01,,,178676
ORBINIIDAE,Naineris laevigata HAW02,,,178677
CONIDAE,Nannodiella acricula,"(Hedley, 1922)",,138051
NASSARIIDAE,Nassa tuamotuensis,"Houart, 1996",,120962
NASSARIIDAE,Nassarius gaudiosus,"(Hinds, 1844)",,120977
NASSARIIDAE,Nassarius hirtus,"(Kiener, 1834)",,120982
NASSARIIDAE,Nassarius papillosus,"(Gould, 1850)",,11910
NASSARIIDAE,Nassarius splendidulus,"(Dunker, 1846)",,11905
NATICIDAE,Natica kawamurai,"Sakurai, 1983",,138953
MITRIDAE,Nebularia aurora,"(Dohrn, 1861)",,120759
MITRIDAE,Nebularia coffea,"(Schubert & Wagner, 1829)",,120766
MITRIDAE,Nebularia fulvescens,"(Broderip, 1836)",,120785
MITRIDAE,Nebularia luctuosa,"(A. Adams, 1853)",,120794
MITRIDAE,Nebularia pellisserpentis,"(Reeve, 1844)",,151350
HALECIIDAE,Nemalecium lighti,"(Hargitt, 1924)",,149943
MITRIDAE,Neocancilla papilio,"(Link, 1807)",,121029
MITRIDAE,Neocancilla waikikiensis,"(Pilsbry, 1921)",,139138
NERITIDAE,Neripteron neglectum,"(Pease, 1861)",,115117
NERITIDAE,Neripteron vespertinum,"(G. B. Sowerby II, 1849)",,121065
NERITIDAE,Nerita picea,"Récluz, 1841",,115078
NERITIDAE,Nerita polita,"Linnaeus, 1758",,115081
LASAEIDAE,Nesobornia hawaiensis,"(Pilsbry, 1921)",,156244
CHTHAMALIDAE,Nesochthamalus intertextus,"(Darwin, 1854)",,74536
DIAPEROECIIDAE,Nevianipora HAW01,,,178900
EUNICIDAE,Nicidion cariboea,"(Grube, 1856)",,156272
TEREBELLIDAE,Nicolea gracilibranchis,"(Grube, 1878)",,87048
TEREBELLIDAE,Nicolea HAW01,,,178901
FASCIOLARIIDAE,Nodolatirus nodatus,"(Gmelin, 1791)",,121088
SABELLIDAE,Notaulax HAW01,,,178902
NATICIDAE,Notocochlis gualtieriana,"(Récluz, 1844)",,138944
CAPITELLIDAE,Notodasus dasybranchoides,"Magalhães & Bailey-Brock, 2012",,156313
NOTODELPHYIDAE,Notodelphyidae HAW01,,,178975
NOTODELPHYIDAE,Notodelphyidae HAW02,,,178976
NOTODELPHYIDAE,Notodelphyidae HAW03,,,178977
NOTODELPHYIDAE,Notodelphyidae HAW04,,,178978
CAPITELLIDAE,Notomastus tenuis,,,86701
AMPHINOMIDAE,Notopygos albiseta,"Holly, 1939",,85005
FACELINIDAE,Noumeaella rehderi,"Er. Marcus, 1965",,156337
LEUCOSIIDAE,Nucia HAW01,,,178903
CYPRAEIDAE,Nucleolaria granulata,"(Pease, 1863)",,121117
TOXOPNEUSTIDAE,Nudechinus verruculatus,"(Lütken, 1864)",,118508
CAMPANULARIIDAE,Obelia dichotoma,"(Linnaeus, 1758)",,30006
CAMPANULARIIDAE,Obelia HAW01,,,178904
OCTOPODIDAE,Octopus cyanea,"Gray, 1849",,24011
OCYPODIDAE,Ocypode ceratophthalma,"(Pallas, 1872)",,75273
OENONIDAE,Oenone fulgida,,,85982
OENONIDAE,Oenone fulgida HAW01,,,178678
OENONIDAE,Oenone fulgida HAW02,,,178679
OLIVIDAE,Oliva nitidula,"Duclos, 1835",,121155
OMALOGYRIDAE,Omalogyra japonica,,,4411
OLIVIDAE,Omogymna paxillus,"(Reeve, 1850)",,156465
SYNAPTIDAE,Opheodesoma grisea,"(Semper, 1867)",,156543
SYNAPTIDAE,Opheodesoma spectabilis,"Fisher, 1907",,149456
OPHIACTIDAE,Ophiactis HAW01,,,178905
OPHIACTIDAE,Ophiactis HAW02,,,178906
OPHIACTIDAE,Ophiactis savignyi,"(Müller and Troschel, 1842)",,26223
OPHIACTIDAE,Ophiactis savignyi HAW01,,,178680
OPHIACTIDAE,Ophiactis savignyi HAW02,,,178681
OPHIDIASTERIDAE,Ophidiaster hemprichi,"Müller & Troschel, 1842",,156577
OPHIOCOMIDAE,Ophiocoma cynthiae,"Benavides-Serrato & O'Hara, 2008",,149480
OPHIOCOMIDAE,Ophiocoma erinaceus,"Müller & Troschel, 1842",,149483
OPHIONEREIDIDAE,Ophionereis porrecta,"Lyman, 1860",,156668
TRIPHORIDAE,Opimaphora coralina,"Laseron, 1958",,121205
SYLLIDAE,Opisthosyllis brunnea,,,85482
SYLLIDAE,Opisthosyllis brunnea HAW01,,,178682
SYLLIDAE,Opisthosyllis brunnea HAW02,,,178683
MURICIDAE,Oppomorus funiculatus,"(Reeve, 1846)",,121207
BOMOLOCHIDAE,Orbitacolax HAW01,,,178979
PLAKINIDAE,Oscarella JV01,,,178960
PLAKINIDAE,Oscarella JV02,,,178961
PLAKINIDAE,Oscarella JV04,,,178962
PYRAMIDELLIDAE,Otopleura mitralis,"(A. Adams, 1854)",,121225
CYPRAEIDAE,Ovatipsa rashleighana,"(Melvill, 1888)",,121227
HESIONIDAE,Oxydromus HAW01,,,178907
TEREBRIDAE,Oxymeris cerithina,"(Lamarck, 1822)",,121233
TEREBRIDAE,Oxymeris crenulata,"(Linnaeus, 1758)",,121236
TEREBRIDAE,Oxymeris felina,"(Dillwyn, 1817)",,121238
TEREBRIDAE,Oxymeris gouldi,"(Deshayes, 1857)",,121239
TEREBRIDAE,Oxymeris strigata,"(G. B. Sowerby I, 1825)",,121241
PORCELLANIDAE,Pachycheles pisoides,"(C. Heller, 1865)",,74882
GRAPSIDAE,Pachygrapsus minutus,"A. Milne-Edwards, 1873",,75291
GRAPSIDAE,Pachygrapsus plicatus,"(H. Milne Edwards, 1837)",,75293
PAGURIDAE,Pagurixus festinus,"McLaughlin and Haig, 1984",,74932
PALAEMONIDAE,Palaemon pacificus,"(Stimpson, 1860)",,79946
EUNICIDAE,Palola siciliensis,"(Grube, 1840)",,85861
ZOANTHIDAE,Palythoa tuberculosa,"(Esper, 1805)",,149958
PANOPEIDAE,Panopeus lacustris,"Desbonne, 1867",,77238
POLYNOIDAE,Paralepidonotus ampulliferus,"(Grube, 1878)",,84859
XANTHIDAE,Paramedaeus simplex,"(A. Milne-Edwards, 1873)",,75224
PLANOCERIDAE,Paraplanocera 1 of Hoover accessed 2020,,,178908
XANTHIDAE,Paraxanthias notatus,"(Dana, 1852)",,75225
SCYLLARIDAE,Parribacus antarcticus,"(Lund, 1793)",,80090
PECTINIDAE,Pascahinnites coruscans,"(Hinds, 1845)",,128240
MURICIDAE,Pascula ochrostoma,"(Blainville, 1832)",,121326
AGARICIIDAE,Pavona varians,"Verrill, 1864",,32015
AGARICIIDAE,Pavona varians HAW01,,,178684
LITTORINIDAE,Peasiella tantilla,"(Gould, 1849)",,140817
PENNARIIDAE,Pennaria disticha,"Goldfuss, 1820",,34101
PLAGUSIIDAE,Percnon abbreviatum,"(Dana, 1851)",,75295
PLAGUSIIDAE,Percnon planissimum,"(J. F. W. Herbst, 1804)",,75297
PERICELIDAE,Pericelis hymanae,,,106853
PALAEMONIDAE,Periclimenaeus HAW01,,,178909
VENERIDAE,Periglypta reticulata,"(Linnaeus, 1758)",,121370
NEREIDIDAE,Perinereis curvata,"Holly, 1935",,85597
NEREIDIDAE,Perinereis nigropunctata,"(Horst, 1889)",,157214
EPIALTIDAE,Perinia tumida,"Dana, 1852",,157216
FASCIOLARIIDAE,Peristernia chlorostoma,"(G. B. Sowerby I, 1825)",,121374
ONCHIDIIDAE,Peronia platei,"(Hoffmann, 1928)",,232674
ONCHIDIIDAE,Peronia sp. 1 of Dayrat et al 2011,,,178910
VERMETIDAE,Petaloconchus keenae,"Hadfield & Kay, 1972",,157268
PORCELLANIDAE,Petrolisthes coccineus,"(Owen, 1839)",,74883
PHASCOLOSOMATIDAE,Phascolosoma HAW01,,,178911
AMPHINOMIDAE,Pherecardia striata,"(Kingberg, 1857)",,85009
AMPHINOMIDAE,Pherecardia striata HAW01,,,178685
AMPHINOMIDAE,Pherecardia striata HAW02,,,178686
PHILINIDAE,Philine orca,"Gosliner, 1988",,141107
PSEUDOCEROTIDAE,Phrikoceros 1 of Hoover accessed 2020,,,178912
PHYLLIDIIDAE,Phyllidia varicosa,"Lamarck, 1801",,141173
PHYLLIDIIDAE,Phyllidiella pustulosa,"(Cuvier, 1804)",,148759
PHYLLIDIIDAE,Phyllidiella pustulosa HAW01,,,178687
PHYLLIDIIDAE,Phyllidiella pustulosa HAW02,,,178688
CHAETOPTERIDAE,Phyllochaetopterus arabicus,"Grube, 1870",,157380
CHAETOPTERIDAE,Phyllochaetopterus verrilli,"Treadwell, 1943",,86463
FACELINIDAE,Phyllodesmium sp. #1 of Pittman & Fiene accessed 2020,,,178913
PHYLLODOCIDAE,Phyllodoce hawaiia,"(Hartman, 1966)",,157385
PHYLLODOCIDAE,Phyllodoce hawaiia HAW01,,,178689
PHYLLODOCIDAE,Phyllodoce hawaiia HAW02,,,178690
PHYSALIIDAE,Physalia physalis,"(Linnaeus, 1758)",,35842
XANTHIDAE,Pilodius areolatus,"(H. Milne Edwards, 1834)",,75230
HIPPONICIDAE,Pilosabia trigona,"(Gmelin, 1791)",,121441
PILUMNIDAE,Pilumnus HAW01,,,178914
PILUMNIDAE,Pilumnus HAW02,,,178915
PILUMNIDAE,Pilumnus vespertilio,"(J. C. Fabricus, 1793)",,75165
PTERIIDAE,Pinctada maculata,"(Gould, 1850)",,141208
PTERIIDAE,Pinctada margaritifera,"(Linnaeus, 1758)",,11680
TELLINIDAE,Pinguitellina robusta,"(Hanley, 1844)",,143875
PINNIDAE,Pinna muricata,"Linnaeus, 1758",,11879
BUCCINIDAE,Pisania ignea,"(Gmelin, 1791)",,121454
PLAKINIDAE,Plakinastrella JV01,,,178963
PLAKOBRANCHIDAE,Plakobranchus ianthobaptus,"Gould, 1852",,178229
PLAKINIDAE,Plakortis JV01,,,178964
NEREIDIDAE,Platynereis dumerilii,"Audouin and Milne-Edwards, 1833",,85571
XANTHIDAE,Platypodia eydouxi,"(A. Milne-Edwards, 1865)",,153030
FUNGIIDAE,Pleuractis granulosa,"(Klunzinger, 1879)",,157644
PLEUROBRANCHIDAE,Pleurobranchus forskalii,"Rüppell & Leuckart, 1828",,148828
PLEUROBRANCHIDAE,Pleurobranchus peronii,"Cuvier, 1804",,148832
PLEUROBRANCHIDAE,Pleurobranchus varians,"Pease, 1860",,157668
HELICINIDAE,Pleuropoma oahuensis,"Pilsbry and Cooke, 1908",,22919
PLUMULARIIDAE,Plumularia HAW01,,,178916
PLUMULARIIDAE,Plumularia HAW02,,,178917
CALIPHYLLIDAE,Polybranchia jensenae,"Medrano, Krug, Gosliner, Biju Kumar & Valdés, 2018",,178608
TEREBELLIDAE,Polycirrus HAW01,,,178918
XANTHIDAE,Polydectus cupulifer,"(Latreille, 1812)",,75240
POLYGORDIIDAE,Polygordius HAW01,,,178919
OPHELIIDAE,Polyophthalmus HAW01,,,178920
PORTUNIDAE,Portunus hawaiiensis,"Stephenson, 1968",,157842
PORTUNIDAE,Portunus pubescens,"(Dana, 1852)",,75108
BUCCINIDAE,Prodotia iostoma,"(Gray, 1833)",,116999
CIRRATULIDAE,Protocirrineris mascaratus,"Magalhães & Bailey-Brock, 2013",,157904
SUBERITIDAE,Protosuberites JV01,,,178965
PSEUDOCEROTIDAE,Pseudobiceros 11 of Hoover accessed 2020,,,178921
PSEUDOCEROTIDAE,Pseudobiceros fulgor,"Newman & Cannon, 1994",,157956
PSEUDOCEROTIDAE,Pseudobiceros stellae,"Newman & Cannon, 1994",,157961
PSEUDOCERITIDAE,Pseudoceros dimidiatus,"Graff, 1893",,157973
PSEUDOCERITIDAE,Pseudoceros E of Hoover accessed 2020,,,178922
PSEUDOCERITIDAE,Pseudoceros leptostictus,"Bock, 1913",,157977
PSEUDOCERITIDAE,Pseudoceros paralaticlavus,"Newman & Cannon, 1994",,157978
PSEUDOCERITIDAE,Pseudoceros sp. 17 of Newman & Cannon,,,178923
XANTHIDAE,Pseudoliomera speciosa,"(Dana, 1852)",,75242
XANTHIDAE,Pseudoliomera variolosa,"(Borradaile, 1902)",,75243
PSEUDOSQUILLIDAE,Pseudosquilla ciliata,"(J. C. Fabricius, 1787)",,60213
MITRIDAE,Pterygia punctata,"(Swainson, 1821)",,120313
PTYCHODERIDAE,Ptychodera flava,"Eschscholtz, 1825",,158054
EULIMIDAE,Pulicicochlea faba,"Ponder & Gooding, 1978",,158076
CYPRAEIDAE,Purpuradusta fimbriata,"(Gmelin, 1791)",,118363
COSTELLARIIDAE,Pusia lauta,"(Reeve, 1845)",,122398
PAGURIDAE,Pygmaeopagurus hadrochirus,"McLaughlin, 1986",,74938
PAGURIDAE,Pylopaguropsis keijii,"McLaughlin and Haig, 1989",,74939
PYRAMIDELLIDAE,Pyramidella dolabrata,"(Linnaeus, 1758)",,6638
CONIDAE,Pyrgocythara mighelsi,"(Kay, 1979)",,129301
TELLINIDAE,Quidnipagus palatam,"(Iredale, 1929)",,20792
LASAEIDAE,Radobornia bryani,"(Pilsbry, 1921)",,158236
NASSARIIDAE,Reticunassa paupera,"(Gould, 1850)",,120996
CERITHIIDAE,Rhinoclavis articulata,"(A. Adams & Reeve, 1850)",,121655
CERITHIIDAE,Rhinoclavis sinensis,"(Gmelin, 1791)",,121659
OCEANIDAE,Rhizogeton fusiformis,"L. Agassiz, 1862",,34042
RISSOELLIDAE,Rissoella sp.,"Gray, 1847",,772
RISSOIDAE,Rissoina ambigua,"(Gould, 1849)",,121671
RISSOIDAE,Rissoina ephamilla,,,4182
RISSOIDAE,Rissoina miltozona,,,4183
RISSOIDAE,Rissoina turricula,,,4185
VENERIDAE,Ruditapes philippinarum,"(Adams & Reeve, 1850)",,121685
SABELLIDAE,Sabellastarte spectabilis,"(Grube, 1878)",,149753
HIPPONICIDAE,Sabia conica,"(Schumacher, 1817)",,5477
ALPHEIDAE,Salmoneus HAW01,,,178924
ALPHEIDAE,Salmoneus HAW02,,,178925
SAMLIDAE,Samla bicolor,"(Kelaart, 1858)",,139314
HIPPOLYTIDAE,Saron HAW01,,,178926
HIPPOLYTIDAE,Saron neglectus,"De Man, 1902",,74789
MITRIDAE,Scabricola lugubris,"(Swainson, 1821)",,120797
TYPHLOPLANIDAE,Schizoporella HAW01,,,178927
RISSOIDAE,Schwartziella triticea,"(Pease, 1861)",,121728
GALEOMMATIDAE,Scintilla hiloa,"Dall, Bartsch & Rehder, 1938",,158565
TELLINIDAE,Scutarcopagia scobinata,"(Linnaeus, 1758)",,122031
PORTUNIDAE,Scylla serrata,"(Forskål, 1775)",,75112
SCYLLAEIDAE,Scyllaea HAW01,,,178928
CAPITELLIDAE,Scyphoproctus HAW01,,,178929
SEMELIDAE,Semele australis,"(G. B. Sowerby I, 1833)",,121747
COLUMBELLIDAE,Seminella peasei,"(Martens & Langkavel, 1871)",,129671
MURICIDAE,Semiricinula turbinoides,"(Blainville, 1832)",,121773
LOLIGINIDAE,Sepioteuthis HAW01,,,178930
RANELLIDAE,Septa occidentalis,"(Mörch, 1877)",,142883
RANELLIDAE,Septa rubecula,"(Linnaeus, 1758)",,121777
MYTILIDAE,Septifer cumingii,"Récluz, 1849",,158657
SERTULARIIDAE,Sertularia marginata,"(Kirchenpauer, 1864)",,30323
SIPHONARIIDAE,Siphonaria normalis,"Gould, 1846",,121807
SIPHONARIIDAE,Siphonaria normalis HAW01,,,178691
SIPHONARIIDAE,Siphonaria normalis HAW02,,,178692
SIPUNCULIDAE,Siphonosoma HAW01,,,178931
HAMINOEIDAE,Smaragdinella calyculata,"(Broderip & G. B. Sowerby I, 1829)",,121823
XANTHIDAE,Soliella flava,"(Rathbun, 1894)",,158869
CLIONAIDAE,Spheciospongia solida,"(Ridley & Dendy, 1886)",,178611
CLIONAIDAE,Spheciospongia vagabunda,"(Ridley, 1884)",,158891
SPIONIDAE,Spio HAW01,,,178932
SPIRASTRELLIDAE,Spirastrella JV01,,,178966
SERPULIDAE,Spirobranchus corniculatus,"(Grube, 1862)",,149759
SPONDYLIDAE,Spondylus nicobaricus,"Schreibers, 1793",,121863
AEOLIDIIDAE,Spurilla braziliana,"MacFarland, 1909",,149004
ISCHNOCHITONIDAE,Stenoplax petaloides,"(Gould, 1846)",,143362
STENOPODIDAE,Stenopus hispidus,"(Olivier, 1811)",,68057
STICHOPODIDAE,Stichopus horrens,"Selenka, 1867",,149612
CAECIDAE,Strebloceras subannulatum,"de Folin, 1880",,149015
MITRIDAE,Strigatella ambigua,"(Swainson, 1829)",,174463
MITRIDAE,Strigatella assimilis,"(Pease, 1868)",,137571
MITRIDAE,Strigatella auriculoides,"(Reeve, 1845)",,180784
MITRIDAE,Strigatella coronata,"(Lamarck, 1811)",,233534
MITRIDAE,Strigatella fastigium,"(Reeve, 1845)",,120781
MITRIDAE,Strigatella litterata,"(Lamarck, 1811)",,120792
MITRIDAE,Strigatella pudica,"(Pease, 1860)",,158042
MITRIDAE,Strigatella ticaonica,"(Reeve, 1844)",,120821
HELICINIDAE,Sturanya subsculpta,"(Neal, 1934)",,233582
STYELIDAE,Styela HAW01,,,178933
CERITHIIDAE,Styliferina goniochila,,,5160
NOTARCHIDAE,Stylocheilus longicauda,"(Quoy and Gaimard, 1825)",,14828
MITRIDAE,Subcancilla flammea,,,13715
MITRIDAE,Subcancilla foveolata,,,13713
SUBULINIDAE,Subulina octona,"(Bruguiere, 1792)",,7225
TRIPHORIDAE,Subulophora peasi,"(Jousseaume, 1884)",,121925
SUCCINEIDAE,Succinea strigata,"Pfeiffer, 1855",,7212
MITRIDAE,Swainsonia newcombii,"(Pease, 1869)",,121712
MITRIDAE,Swainsonia olivaeformis,"(Swainson, 1821)",,120310
SYLLIDAE,Syllis gracilis,Grube,,85301
SYLLIDAE,Syllis hyalina,Grube,,85313
SYLLIDAE,Syllis variegata,"Grube, 1860",,159169
STYELIDAE,Symplegma sp.,"Herdman, 1886",,99809
STYELIDAE,Symplegma HAW01,,,178934
ALPHEIDAE,Synalpheus paraneomeris,"Coutière, 1905",,74759
ALPHEIDAE,Synalpheus paraneomeris HAW01,,,178693
ALPHEIDAE,Synalpheus paraneomeris HAW02,,,178694
ALPHEIDAE,Synalpheus streptodactylus,"Coutière, 1905",,74761
TROCHIDAE,Synaptocochlea concinna,,,12233
DISCODORIDIDAE,Tayuva lilacina,"(Gould, 1852)",,131910
MYXILLIDAE,Tedania klausi,"Wulff, 2006",,176202
TEDANIIDAE,Tedania macrodactyla,,,103661
ISOPHELLIIDAE,Telmatactis HAW01,,,178935
MURICIDAE,Tenguella granulata,"(Duclos, 1832)",,122056
TEREBELLIDAE,Terebella HAW01,,,178936
TRICHOBRANCHIDAE,Terebellides HAW01,,,178937
TEREBRIDAE,Terebra amanda,"Hinds, 1844",,122062
TEREBRIDAE,Terebra argus,"Hinds, 1844",,122063
TEREBRIDAE,Terebra funiculata,"Hinds, 1844",,122068
TEREBRIDAE,Terebra guttata,"(Röding, 1798)",,122069
TEREBRIDAE,Terebra nodularis,"Deshayes, 1859",,143985
TEREBRIDAE,Terebra thaanumi,"Pilsbry, 1921",,11909
TEREBRIDAE,Terenolla pygmaea,"(Hinds, 1844)",,144011
TETHYIDAE,Tethya JV01,,,178967
TETHYIDAE,Tethya JV02,,,178968
TETHYIDAE,Tethya JV06,,,178969
PORTUNIDAE,Thalamita admete,"(J. F. W. Herbst, 1803)",,75113
PORTUNIDAE,Thalamita integra,"Dana, 1852",,75122
PORTUNIDAE,Thalamita picta,"Stimpson, 1858",,75126
PORTUNIDAE,Thalamitoides quadridens,"A. Milne-Edwards, 1869",,75134
TEREBELLIDAE,Thelepus HAW01,,,178938
HIPPOLYTIDAE,Thinora maldivensis,"(Borradaile, 1915)",,74826
POLYNOIDAE,Thormora jukesii,"Baird, 1865",,84730
CHROMODORIDIDAE,Thorunna kahuna,"R. F. Johnson & Gosliner, 2001",,149080
ELYSIIDAE,Thuridilla carlsoni,"Gosliner, 1995",,149086
ELYSIIDAE,Thuridilla neona,"Gosliner, 1995",,149094
VERMETIDAE,Thylacodes variabilis,"(Hadfield & Kay, 1972)",,122119
VERMETIDAE,Thylaeodus sp. of Rawlings et al 2010,,,178939
PSEUDOCERITIDAE,Thysanozoon A of Hoover accessed 2020,,,178940
PSEUDOCERITIDAE,Thysanozoon tentaculatum,"(Gray in Pease, 1860)",,159657
CIRRATULIDAE,Timarete hawaiensis,"(Hartman, 1956)",,159662
CIRRATULIDAE,Timarete punctata,"(Grube, 1859)",,159663
TRAPEZIIDAE,Trapezia flavopunctata,"Eydoux and Souleyet, 1842",,35997
TRAPEZIIDAE,Trapezia intermedia,"Miers, 1886",,35998
TRAPEZIDAE,Trapezium oblongum,"(Linnaeus, 1758)",,122167
ALICIIDAE,Triactis producta,"Klunzinger, 1877",,35622
TRICOLIIDAE,Tricolia variabilis,,,19672
STROMBIDAE,Tridentarius dentatus,"(Linnaeus, 1758)",,122177
TRIPHORIDAE,Triphora bicolor,"Pease, 1868",,122186
TRIPHORIDAE,Triphora thaanumi,"Kay, 1979",,159836
TEREBRIDAE,Triplostephanus elliscrossi,"(Bratcher, 1979)",,122193
TOXOPNEUSTIDAE,Tripneustes gratilla,"(Linnaeus, 1758)",,122197
TRIVIIDAE,Trivirostra edgari,"(Shaw, 1909)",,122215
TRIVIIDAE,Trivirostra hordacea,"(Kiener, 1844)",,122216
TROCHIDAE,Trochus intextus,,,19640
SYLLIDAE,Trypanosyllis hawaiiensis,"Hartmann-Schroeder, 1965",,85332
SYLLIDAE,Trypanosyllis hawaiiensis HAW01,,,178695
SYLLIDAE,Trypanosyllis hawaiiensis HAW02,,,178696
SYLLIDAE,Trypanosyllis hawaiiensis HAW03,,,178697
SYLLIDAE,Trypanosyllis luzonensis,"(Pillai, 1965)",,178613
AGLAJIDAE,Tubulophilinopsis pilsbryi,"(Eliot, 1900)",,149171
GLYCYMERIDIDAE,Tucetona diomedea,"(Dall, Bartsch & Rehder, 1938)",,144579
FISSURELLIDAE,Tugali oblonga,"(Pease, 1861)",,122243
TURBINIDAE,Turbo sandwicensis,"Pease, 1861",,12279
TURRIDAE,Turridrupa albofasciata,"(E. A. Smith, 1877)",,144777
TURRIDAE,Turridrupa bijubata,"(Reeve, 1843)",,122269
OCEANIDAE,Turritopsis nutricula,"(McCrady, 1857)",,34036
XANTHIDAE,Tweedieia laysani,"(M. J. Rathbun, 1906)",,75244
SYLLIDAE,Typosyllis variegata,"(Grube, 1860)",,85347
PALAEMONIDAE,Urocaridella HAW01,,,178941
CARDIIDAE,Vasticardium hawaiensis,"(Dall, Bartsch & Rehder, 1938)",,122326
CARDIIDAE,Vasticardium orbita,"(Broderip & G. B. Sowerby I, 1833)",,122328
CHROMODORIDIDAE,Verconia simplex,"(Pease, 1871)",,149212
SERPULIDAE,Vermiliopsis torquata,"Treadwell, 1943",,87339
MURICIDAE,Vexilla vexillum,"(Gmelin, 1791)",,122363
COSTELLARIIDAE,Vexillum aureolatum,"(Reeve, 1844)",,122367
COSTELLARIIDAE,Vexillum cancellarioides,"(Anton, 1838)",,122371
COSTELLARIIDAE,Vexillum catenatum,"(Broderip, 1836)",,145093
COSTELLARIIDAE,Vexillum diutenerum,"(Hervier, 1897)",,145113
COSTELLARIIDAE,Vexillum interruptum,"(Anton, 1838)",,145132
COSTELLARIIDAE,Vexillum modestum,"(Reeve, 1845)",,122411
COSTELLARIIDAE,Vexillum pacificum,"(Reeve, 1845)",,122413
COSTELLARIIDAE,Vexillum piceum,"(Pease, 1860)",,160235
COSTELLARIIDAE,Vexillum tusum,"(Reeve, 1845)",,145189
COSTELLARIIDAE,Vexillum unifasciale,"(Lamarck, 1811)",,122432
COSTELLARIIDAE,Vexillum unifasciatum,,,13672
PILUMNIDAE,Viaderiana HAW01,,,178942
TRIPHORIDAE,Viriola abbotti,"(F. Baker & Spicer, 1935)",,122437
TRIPHORIDAE,Viriola incisa,"(Pease, 1861)",,122441
TRIPHORIDAE,Viriolopsis fallax,"(Kay, 1979)",,122448
RISSOIDAE,Vitricithna marmorata,"(Hedley, 1907)",,160257
MURICIDAE,Vitularia miliaris,"(Gmelin, 1791)",,122454
MURICIDAE,Vitularia sandwichensis,"(Pease, 1861)",,122456
SIPHONARIIDAE,Williamia radiata,,,6846
XANTHIDAE,Xanthias canaliculatus,"M. J. Rathbun, 1906",,75245
XANTHIDAE,Xanthias latifrons,"(De Man, 1888)",,75250
PORTUNIDAE,Xiphonectes longispinosus,"(Dana, 1852)",,160370
PORTUNIDAE,Xiphonectes tuberculosus,"(A. Milne-Edwards, 1861)",,178615
PHENACOLEPADIDAE,Zacalantica scobinata,"(Gould, 1859)",,157324
COLUMBELLIDAE,Zafrona striatula,"(Dunker, 1871)",,129633
RISSOIDAE,Zebina tridentata,"(Michaud, 1830)",,122535
MITRIDAE,Ziba verrucosa,"(Reeve, 1845)",,145599
MITRIDAE,Ziba verrucosa foveolata,"(Dunker, 1863)",,181012
,[Acotylea] HAW01,,,178720
,[Acotylea] HAW02,,,178721
,[Acotylea] HAW03,,,178722
,[Acotylea] HAW04,,,178723
,[Acotylea] HAW05,,,178724
ACTINIIDAE,[Actiniidae] HAW01,,,178725
,[Amphipoda] HAW02,,,178726
,[Amphipoda] HAW03,,,178727
AMPHIURIDAE,[Amphiuridae] HAW01,,,178728
ANCORINIDAE,[Ancorinidae] JV03,,,178794
APLYSIIDAE,[Aplysiidae] HAW01,,,178729
APSEUDIDAE,[Apseudidae] HAW01,,,178795
,[Ascidiacea] HAW01,,,178730
,[Ascidiacea] HAW02,,,178731
,[Asellota] HAW01,,,178732
ASTERINIDAE,[Asterinidae] HAW01,,,178733
,[Axinellida] JV01,,,178796
,[Bryozoa] HAW01,,,178734
,[Bryozoa] HAW02,,,178735
,[Bryozoa] HAW03,,,178736
,[Bryozoa] HAW04,,,178737
,[Bryozoa] HAW05,,,178738
,[Bryozoa] HAW06,,,178739
,[Bryozoa] HAW07,,,178740
,[Bryozoa] HAW08,,,178741
,[Bryozoa] HAW09,,,178742
,[Bubarida] JV02,,,178797
,[Calcarea] JV01,,,178798
,[Calcarea] JV03,,,178799
,[Calcarea] JV04,,,178800
,[Caprellidea] HAW01,,,178743
CHALINIDAE,[Chalinidae] JV02,,,178801
,[Chondrillida] JV01,,,178802
,[Chondrillida] JV03,,,178803
CHONDROSIIDAE,[Chondrosiidae] JV04,,,178805
,[Chondrosiida] JV01,,,178804
CLATHRINIDAE,[Clathrinidae] JV08,,,178744
CLATHRINIDAE,[Clathrinidae] JV11,,,178745
,[Clionaida] JV01,,,178806
,[Copepoda] HAW01,,,178746
CORYNIDAE,[Corynidae] HAW01,,,178747
,[Demospongiae] JV10,,,178748
,[Dendroceratida] JV01,,,178807
,[Dictyoceratida] JV02,,,178808
,[Dictyoceratida] JV06,,,178809
DIDEMNIDAE,[Didemnidae] HAW01,,,178749
DIDEMNIDAE,[Didemnidae] HAW03,,,178750
DIDEMNIDAE,[Didemnidae] HAW04,,,178751
DIDEMNIDAE,[Didemnidae] HAW05,,,178752
DIDEMNIDAE,[Didemnidae] HAW06,,,178753
DIDEMNIDAE,[Didemnidae] HAW07,,,178754
DROMIIDAE,[Dromiidae] HAW01,,,178755
DYSIDEIDAE,[Dysideidae] JV01,,,178810
EULIMIDAE,[Eulimidae] HAW01,,,178756
EURYLEPTIDAE,[Euryleptidae] 9 of Hoover accessed 2020,,,178757
FABRICIIDAE,[Fabriciidae] HAW01,,,178758
GALEOMMATIDAE,[Galeommatidae] HAW01,,,178759
HAMINOEIDAE,[Haminoeidae] sp. #14 of Pittman & Fiene accessed 2020,,,178760
,[Haplosclerida] JV02,,,178811
,[Haplosclerida] JV11,,,178812
,[Haplosclerida] JV14,,,178813
HOPLOPLANIDAE,[Hoploplanidae] HAW01,,,178761
,[Isopoda] HAW01,,,178762
LEUCETTIDAE,[Leucettidae] JV03,,,178814
,[Leucosolenida] JV02,,,178815
,[Leucosolenida] JV04,,,178816
,[Leucosolenida] JV13,,,178817
,[Leucosolenida] JV14,,,178818
,[Leucosolenida] JV19,,,178819
,[Leucosolenida] JV20,,,178820
LEUCOSOLENIIDAE,[Leucosoleniidae] JV01,,,178821
LEUCOSOLENIIDAE,[Leucosoleniidae] JV02,,,178822
LEUCOSOLENIIDAE,[Leucosoleniidae] JV03,,,178823
LEUCOSOLENIIDAE,[Leucosoleniidae] JV05,,,178824
LINEIDAE,[Lineidae] HAW01,,,178763
,[Octocorallia] HAW01,,,178764
OSTREIDAE,[Ostreidae] HAW01,,,178765
PALAEMONIDAE,[Palaemonidae] HAW01,,,178766
PALAEMONIDAE,[Palaemonidae] HAW02,,,178767
PALAEMONIDAE,[Palaemonidae] HAW03,,,178768
PISCICOLIDAE,[Piscicolidae] HAW01,,,178769
PISCICOLIDAE,[Piscicolidae] HAW02,,,178770
,[Poecilosclerida] JV01,,,178825
,[Poecilosclerida] JV06,,,178826
,[Poecilosclerida] JV08,,,178827
,[Poecilosclerida] JV09,,,178828
,[Poecilosclerida] JV13,,,178829
,[Poecilosclerida] JV14,,,178830
,[Porifera] HAW02,,,178771
PROSTHIOSTOMIDAE,[Prosthiostomidae] 3 of Hoover accessed 2020,,,178772
PROSTHIOSTOMIDAE,[Prosthiostomidae] HAW01,,,178773
PSEUDOCEROTIDAE,[Pseudocerotidae] HAW01,,,178774
PSEUDOCEROTIDAE,[Pseudocerotidae] HAW02,,,178775
PSEUDOCEROTIDAE,[Pseudocerotidae] HAW03,,,178776
PSEUDOCEROTIDAE,[Pseudocerotidae] HAW04,,,178777
PTYCHODERIDAE,[Ptychoderidae] HAW01,,,178778
,[Pycnogonida] HAW01,,,178779
,[Pycnogonida] HAW02,,,178780
,[Pycnogonida] HAW03,,,178781
,[Pycnogonida] HAW04,,,178782
PYURIDAE,[Pyuridae] HAW01,,,178783
,[Radiolaria] HAW01,,,178831
,[Radiolaria] HAW02,,,178832
,[Radiolaria] HAW03,,,178833
,[Radiolaria] HAW04,,,178834
,[Radiolaria] HAW05,,,178835
RASPAILIIDAE,[Raspailiidae] JV01,,,178836
SACCULINIDAE,[Sacculinidae] HAW01,,,178784
SCOPALINIDAE,[Scopalinidae] JV01,,,178838
,[Scopalinida] JV01,,,178837
SPHAEROMATIDAE,[Sphaeromatidae] HAW01,,,178785
STYELIDAE,[Styelidae] HAW01,,,178786
STYLOCHIDAE,[Stylochidae] 5 of Hoover accessed 2020,,,178787
SYLLIDAE,[Syllidae] HAW01,,,178788
SYLLIDAE,[Syllidae] HAW02,,,178789
SYLLIDAE,[Syllidae] HAW03,,,178790
TALITRIDAE,[Talitridae] HAW01,,,178791
TEREDINIDAE,[Teredinidae] HAW01,,,178792
THORIDAE,[Thoridae] HAW01,,,178839
VELUTINIDAE,[Velutinidae] HAW01,,,178793